{"cpu": {"1000-10000": [13.391324043273926, 15.881266593933105], "10000-100000": [16.303329467773438, 13.379282236099243], "100000-1000000": [17.34419536590576, 16.456799268722534], "1000000-10000000": [18.371434926986694, 18.356223106384277], "10000000-100000000": [19.120017051696777, 21.536879539489746]}, "parallel": {"1000-10000": [5.09442400932312, 5.45721697807312], "10000-100000": [5.171400308609009, 5.182704210281372], "100000-1000000": [5.747425079345703, 5.573437929153442], "1000000-10000000": [6.028939247131348, 6.025300741195679], "10000000-100000000": [7.025405168533325, 6.738737344741821]}}