{"cpu": {"1000-10000": [9.163706064224243, 11.565140008926392], "10000-100000": [11.865710258483887, 8.9739351272583], "100000-1000000": [12.487494707107544, 11.707033634185791], "1000000-10000000": [13.95821475982666, 13.87420129776001], "10000000-100000000": [14.803926467895508, 15.403444290161133]}, "parallel": {"1000-10000": [12.228609561920166, 12.227050304412842], "10000-100000": [12.500820875167847, 12.462602138519287], "100000-1000000": [12.969751358032227, 12.901410818099976], "1000000-10000000": [13.4117751121521, 12.989704370498657], "10000000-100000000": [13.7355637550354, 14.410478830337524]}, "gpu": {"1000-10000": [0.2743949890136719, 0.2767527103424072], "10000-100000": [0.2753016948699951, 0.27788853645324707], "100000-1000000": [0.2821934223175049, 0.2828845977783203], "1000000-10000000": [0.2842895984649658, 0.29120683670043945], "10000000-100000000": [0.3028695583343506, 0.28381896018981934]}}