{"cpu": {"1000-10000": [9.185497999191284, 11.653980255126953], "10000-100000": [12.195556879043579, 8.915858030319214], "100000-1000000": [12.847975730895996, 12.710352420806885], "1000000-10000000": [15.045701742172241, 14.799983024597168], "10000000-100000000": [17.3931245803833, 19.015810251235962]}, "parallel": {"1000-10000": [12.626062870025635, 12.750790119171143], "10000-100000": [13.351574897766113, 13.014943361282349], "100000-1000000": [13.950912475585938, 14.250119686126709], "1000000-10000000": [14.273169755935669, 14.658124446868896], "10000000-100000000": [14.772979259490967, 14.735255479812622]}, "gpu": {"1000-10000": [9.185497999191284, 11.653980255126953], "10000-100000": [12.195556879043579, 8.915858030319214], "100000-1000000": [12.847975730895996, 12.710352420806885], "1000000-10000000": [15.045701742172241, 14.799983024597168], "10000000-100000000": [17.3931245803833, 19.015810251235962]}}