{"cpu": {"1000-10000": [0.0, 0.0, 0.0, 0.0, 0.0, 0.0, 0.0, 0.0, 0.0, 0.0], "10000-100000": [0.0, 0.0, 0.0, 0.0, 0.0, 0.0, 0.0, 0.0, 0.0, 0.0], "100000-1000000": [0.0, 0.0, 0.0, 0.0, 0.0, 0.0, 0.0, 0.0, 0.0, 0.0], "1000000-10000000": [0.0, 0.0, 0.0, 0.0, 0.0, 0.0, 0.0, 0.0, 0.0, 0.0], "10000000-100000000": [0.0, 0.0, 0.0, 0.0, 0.0, 0.0, 0.0, 0.0, 0.0, 0.0]}, "parallel": {"1000-10000": [0.0, 3.9724297523498535, 0.0, 0.0, 3.485302686691284, 0.0, 3.432649850845337, 3.3485167026519775, 0.0, 0.0], "10000-100000": [3.4395387172698975, 3.3927431106567383, 0.0, 3.6941347122192383, 3.4692864418029785, 3.4667341709136963, 3.576045274734497, 0.0, 3.511995792388916, 0.0], "100000-1000000": [0.0, 3.2964789867401123, 0.0, 0.0, 0.0, 0.0, 3.4246745109558105, 3.3651349544525146, 0.0, 3.362107276916504], "1000000-10000000": [3.312361478805542, 0.0, 3.282956600189209, 0.0, 3.4464075565338135, 3.511929988861084, 3.4679718017578125, 3.3824856281280518, 3.361546039581299, 3.3078091144561768], "10000000-100000000": [3.3882038593292236, 0.0, 0.0, 3.4753236770629883, 0.0, 3.2673935890197754, 3.2397615909576416, 3.253509283065796, 0.0, 3.1404519081115723]}}