{"iterations": [1000, 10000, 100000, 1000000, 10000000, 100000000, 1000000000], "parallel_times": [3.537405490875244, 4.182486216227214, 11.946990569432577, 12.001251777013143, 13.459267059961954, 35.419320583343506, 288.6685718695323], "gpu_times": [0.0013547738393147786, 0.0015063285827636719, 0.003388563791910807, 0.029613971710205078, 0.2900807062784831, 3.3031582832336426, 61.73750098546346]}