{"iterations": [1000, 10000, 100000, 1000000, 10000000], "cpu_times": [0.0018699169158935547, 0.018369277318318684, 0.22257423400878906, 1.8568623065948486, 19.320210297902424], "parallel_times": [2.9482667446136475, 3.196035067240397, 3.2125066916147866, 3.3562751611073813, 5.880330562591553]}