{"cpu": {"1": [0.0, 0.0, 9.60581111907959], "3": [12.23218822479248, 11.242230653762817, 11.734419107437134], "5": [11.319098711013794, 11.350615978240967, 14.859095573425293], "7": [17.46069622039795, 18.16455388069153, 18.33617854118347], "9": [21.344262838363647, 19.317643642425537, 20.335700273513794], "11": [53.1301064491272, 49.159111738204956, 51.53445315361023]}, "parallel": {"1": [0.0, 0.0, 4.325030326843262], "3": [4.7527666091918945, 4.717886686325073, 4.723578929901123], "5": [4.769815683364868, 4.853195667266846, 5.647695541381836], "7": [5.755836725234985, 6.203042030334473, 6.392938137054443], "9": [6.418807506561279, 6.429053544998169, 6.8328564167022705], "11": [13.00392746925354, 12.328615188598633, 12.788909673690796]}, "input_sizes": {"1": [2, 2, 7], "3": [521, 683, 823], "5": [10979, 11827, 61211], "7": [3770219, 5686573, 8276447], "9": [536475011, 681411427, 909483467], "11": [20047724141, 36164408417, 71307289013]}}