{"cpu": {"1": [0.0, 0.0, 0.0], "3": [0.0, 0.0, 0.0], "5": [0.0, 0.0, 0.0], "7": [0.0, 0.0, 0.0], "9": [0.0, 0.0, 0.0], "11": [0.0, 0.0, 0.0]}, "parallel": {"1": [0.0, 0.0, 0.0], "3": [0.0, 3.344527244567871, 0.0], "5": [0.0, 3.598405599594116, 0.0], "7": [0.0, 3.2798664569854736, 0.0], "9": [0.0, 0.0, 3.2724225521087646], "11": [0.0, 3.1688425540924072, 3.083329677581787]}, "input_sizes": {"1": [1, 3, 8], "3": [836, 839, 996], "5": [30032, 36071, 89818], "7": [1009594, 3710343, 9897858], "9": [120912992, 448059918, 624636385], "11": [40313557786, 41385534207, 61235088433]}}