{"cpu": {"1": [0.0, 0.0, 0.0], "3": [6.4719953536987305, 6.575882434844971, 8.166268110275269], "5": [7.526719570159912, 10.706716775894165, 11.211362600326538], "7": [12.614670991897583, 13.039101123809814, 14.138838291168213], "9": [15.987822532653809, 16.861191987991333, 16.902934789657593], "11": [38.93943381309509, 46.558870792388916, 40.18088364601135]}, "parallel": {"1": [0.0, 0.0, 0.0], "3": [10.111992120742798, 10.241280794143677, 10.16502857208252], "5": [10.369564533233643, 10.630616664886475, 10.816268920898438], "7": [10.883264541625977, 11.249529123306274, 11.22996735572815], "9": [13.441236734390259, 12.0576171875, 11.929838180541992], "11": [18.736811637878418, 18.680131196975708, 16.955261945724487]}, "input_sizes": {"1": [2, 2, 2], "3": [331, 347, 617], "5": [13487, 83563, 88919], "7": [4335949, 4698383, 8038379], "9": [398705003, 582334549, 732719213], "11": [34935803843, 45821103227, 68833060739]}}