{"cpu": {"1": [0.0, 0.0, 0.0], "3": [8.01969051361084, 12.818926334381104, 15.172404050827026], "5": [13.730785608291626, 11.312785863876343, 11.371091842651367], "7": [12.914360523223877, 13.785830736160278, 14.910048961639404], "9": [15.83368730545044, 16.005914211273193, 16.659080982208252], "11": [40.74072980880737, 45.458380460739136, 38.25842571258545]}, "parallel": {"1": [0.0, 0.0, 0.0], "3": [12.466566562652588, 13.419670581817627, 12.799868106842041], "5": [12.581878662109375, 13.03327989578247, 13.144272565841675], "7": [14.160979509353638, 13.335562467575073, 13.695239782333374], "9": [15.92848539352417, 16.40841841697693, 15.690656185150146], "11": [17.133591890335083, 18.210718154907227, 17.233842134475708]}, "gpu": {"1": [0.0, 0.0, 0.0], "3": [0.4635202884674072, 0.5072393417358398, 0.4715719223022461], "5": [0.2747359275817871, 0.2788856029510498, 0.3044090270996094], "7": [0.2974081039428711, 0.2923595905303955, 0.28583860397338867], "9": [0.32261133193969727, 0.32848167419433594, 0.33503031730651855], "11": [0.05810666084289551, 0.0591588020324707, 0.05688118934631348]}, "input_sizes": {"1": [2, 2, 2], "3": [331, 347, 617], "5": [13487, 83563, 88919], "7": [4335949, 4698383, 8038379], "9": [398705003, 582334549, 732719213], "11": [34935803843, 45821103227, 68833060739]}}